job_title,company,location,employment_type,job_description,date_posted,salary_range,job_provider,job_url
Entry Level Cybersecurity Analyst (Remote),SynergisticIT,"Baltimore, MD",Full-time,"SYNERGISTICIT is aware that the Job Market is Challenging due to almost 300,000 Tech Layoffs within the past year due to which The Job market is flooded with thousands of laid off Techies who are competing with existing Jobseekers. For entry level Job seekers to get client interviews and jobs they need to differentiate themselves by ensuring they have exceptional skills and technologies to be... noticed by clients.

Since 2010 we have helped Jobseekers differentiate themselves by providing the clients with candidates who have the requisite skills and experience to outperform at interviews and clients. Here at SynergisticIT We just don't focus on getting you a Job we make careers. All Positions are open for all visas and US citizens

We are matchmakers we provide clients with candidates who can perform from day 1 of starting work. In this economy no client wants or has the resources to take an entry level person and spend resources on upgrading their skills and on top of that pay the jobseeker. That's the specific reason there are so many techies both experience and freshers who are unemployed.

Clients have now the option to hire remote workers from anywhere so for a Jobseeker its important to introspect and see how they can become better and have the skills and technologies to meet client requirements. We at Synergisticit understand the problem of the mismatch between employer's requirements and Employee skills and that's why since 2010 we have helped thousands of candidates get jobs at technology clients like apple, google, Paypal, western union, Client, visa, walmart labs etc to name a few. We have an excellent reputation with the clients. Currently, We are looking for entry-level software programmers, Java Full stack developers, Python/Java developers, Data analysts/ Data Scientists, Machine Learning engineers for full time positions with clients. Who Should Apply Recent Computer science/Engineering /Mathematics/Statistics or Science Graduates looking to make their careers in IT Industry We welcome candidates with all visas and citizens to apply. We assist in filing for STEM extension and also for H1b and Green card filing to Candidates

We also offer optionally Skill and technology enhancement programs for candidates who are either missing skills or are lacking Industry/Client experience with Projects and skills. Candidates having difficulty in finding jobs or cracking interviews or who wants to improve their skill portfolio. If they are qualified with enough skills and have hands on project work at clients then you should be good to be submitted to clients. Shortlisting and selection is totally based on clients discretion not ours.

If you get emails from our skill enhancement team please ask them to take you off their distribution list and make you unavailable as they share the same database with the client servicing team.

Candidates who Lack Experience or are freshers with No actual on Job experience with projects with clients Have had a break in careers Lack Technical Competency or skills being demanded by clients Different visa candidates (Like OPT/H4EAD/L2EAD )who want to get employed and settle down in the USA please check the below links to see success outcomes of our candidates https://www.synergisticit.com/candidate-outcomes/

We are also silver sponsors at Oracle Cloudworld , Las vegas from sept 18-21st— please visit us

https://www.oracle.com/cloudworld/sponsor-listing/#synergistic-it

Watch the below videos of us participating at Industry events with the Top companies in Technology at Oracle Cloud world /Oracle Java one (Las vegas) and at Gartner Data Analytics Summit (Florida)

Oracle CloudWorld Event (OCW) Las Vegas 2022 | SynergisticIT - YouTube https://www.youtube.com/watch?v=OAFOhcGy9Z8

https://www.youtube.com/watch?v=EmO7NrWHkLM https://www.youtube.com/watch?v=NVBU9RYZ6UI

https://www.youtube.com/watch?v=Yy74yvjatVg SynergisticIT at Gartner Data and Analytics Summit 2023 - YouTube

If you have relevant skills and industry experience, please apply

For preparing for interviews please visit

https://www.synergisticit.com/interview-questions/

REQUIRED SKILLS For Java /Software Programmers

· Bachelors degree or Masters degree in Computer Science, Computer Engineering, Electrical Engineering, Information Systems, IT

· Highly motivated, self-learner, and technically inquisitive

· Experience in programming language Java and understanding of the software development life cycle

· Project work on the skills

· Knowledge of Core Java , javascript , C++ or software programming

· Spring boot, Microservices, Docker, Jenkins and REST API's experience

· Excellent written and verbal communication skills

For data Science/Machine learning

REQUIRED SKILLS

· Bachelors degree or Masters degree in Computer Science, Computer Engineering, Electrical Engineering, Information Systems, IT

· Project work on the technologies needed

· Highly motivated, self-learner, and technically inquisitive

· Experience in programming language Java and understanding of the software development life cycle

· Knowledge of Statistics, SAS, Python, Computer Vision, data visualization tools

· Excellent written and verbal communication skills

Preferred skills: NLP, Text mining, Tableau, PowerBI, Time series analysis

Please understand skills and relevant experience on real world projects are required by clients for selection even if its Junior or entry level position the additional skills and Project work with hands on experience building projects at client site are the only way a candidate can be picked by clients. If not having the skills or hands on project work at client site then candidates can optionally opt for skill enhancement to gain the required skills and project work. No third party candidates or c2c candidates

please only apply to the posting

No phone calls please. Shortlisted candidates would be reached out",,,ZipRecruiter,"https://www.ziprecruiter.com/c/SynergisticIT/Job/Entry-Level-Cybersecurity-Analyst-(Remote)/-in-Baltimore,MD?jid=4fa0ade8352871ee&utm_campaign=google_jobs_apply&utm_source=google_jobs_apply&utm_medium=organic"
Cyber Security Defense Analyst- (Entry Level),Lockheed Martin,"Ohio, IL",Full-time,"Basic Qualifications
• Hold DoD-8570 baseline certification (Security
...
CEH, CYSA+, CISSP)
• Must possess an active Secret clearance.
• Practical experience with cyber specific analysis

tools.
• General understanding of intrusion detection

and incident response.
• Working knowledge of TCP/IP, common

networking ports and protocols, network traffic

flow, countermeasure techniques, OSI model,

defense-in-depth, Cyber Kill Chain or similar

attack model.
• Willing to perform shift work.

Job Code/Title

E2551:Cyber Intel Analyst Asc

Job Description

What We’re Doing:

Lockheed Martin invites you to step up to one of today’s most daunting challenges: the use of advanced electronics to undermine our way of life. As a cybersecurity professional at Lockheed Martin, you’ll protect the networks that our citizens and the world depend upon each minute: Financial assets. Healthcare information. Critical infrastructure. Hazardous materials. The uninterrupted flow of energy that keeps modern life moving. Here, you’ll work with cybersecurity experts on the forefront of threat protection and proactive prevention. In this fast-paced, real-world environment, you’ll draw on all of your education and experience as well as the resources of Lockheed Martin to keep the threats at bay.

The Work:

The candidate will be a member of Network Assurance supporting a US Government customer as part of our Scott AFB, IL, Hill AFB, UT or Columbus, OH team. The candidate will perform cyber threat intelligence analysis, correlate actionable security events, perform network traffic analysis using raw packet data, net flow, IDS, IPS and custom sensor output as it pertains to the cyber security of communications networks, and participate in the coordination of resources during incident response efforts.

Enter into the cyber terrain that most people know only from headlines and sci-fi. Become part of the Cybersecurity Team at Lockheed Martin. You are meant to make a difference.

Why Join Us:

Your Health, Your Wealth, Your Life

Our flexible schedules, competitive pay and comprehensive benefits enable you to live a healthy, fulfilling life at and outside of work.

Learn more about Lockheed Martin’s competitive and comprehensive benefits package.

Other Important Information

By applying to this job, you are expressing interest in this position and could be considered for other career opportunities where similar skills and requirements have been identified as a match. Should this match be identified you may be contacted for this and future openings.

Ability to work remotely

Onsite Full-time: The work associated with this position will be performed onsite at a designated Lockheed Martin facility.

Select the Telework classification for this position

Employee will work on-site full-time

Shift

Multiple shifts available

Work Schedule Information

Lockheed Martin supports a variety of alternate work schedules that provide additional flexibility to our employees. Schedules range from standard 40 hours over a five day work week while others may be condensed. These condensed schedules provide employees with additional time away from the office and are in addition to our Paid Time off benefits.

Work Schedule

Rotating 40 hour week as assigned by leader

Security Clearance Information

This position requires a government security clearance, you must be a US Citizen for consideration.

Security Clearance

Top Secret

LMCareers Business Unit

RMS

Program

GSM-O

Department

L26EJ1:COE Cyber

Job Class

Information Security/Information Assurance

Job Category

Experienced Professional

City, State

Columbus-OH, Hill AFB-UT, Scott AFB-IL

City

Columbus, Hill AFB, Scott AFB

Zip

43213, 62225, 84056

Virtual

no

Relocation/Housing Stipend Available

Possible

Req Type

Task Order/IDIQ

Direct/Indirect

Direct
• Join us at Lockheed Martin, where your mission is ours. Our customers tackle the hardest missions. Those that demand extraordinary amounts of courage, resilience and precision. They’re dangerous. Critical. Sometimes they even provide an opportunity to change the world and save lives. Those are the missions we care about.

As a leading technology innovation company, Lockheed Martin’s vast team works with partners around the world to bring proven performance to our customers’ toughest challenges. Lockheed Martin has employees based in many states throughout the U.S., and Internationally, with business locations in many nations and territories.

EEO

Lockheed Martin is an Equal Opportunity/Affirmative Action Employer. All qualified applicants will receive consideration for employment without regard to race, color, religion, sex, pregnancy, sexual orientation, gender identity, national origin, age, protected veteran status, or disability status.

The application window will close in 90 days; applicants are encouraged to apply within 5 - 30 days of the requisition posting date in order to receive optimal consideration.

National Pay Statement

Pay Rate:

The annual base salary range for this position in California and New York (excluding most major metropolitan areas), Colorado, Hawaii, Maryland, Washington or Washington DC is . For states not referenced above, the salary range for this position will reflect the candidate’s final work location. Please note that the salary information is a general guideline only. Lockheed Martin considers factors such as (but not limited to) scope and responsibilities of the position, candidate's work experience, education/ training, key skills as well as market and business considerations when extending an offer.

Benefits offered: Medical, Dental, Vision, Life Insurance, Short-Term Disability, Long-Term Disability, 401(k) match, Flexible Spending Accounts, EAP, Education Assistance, Parental Leave, Paid time off, and Holidays.

(Washington state applicants only) Non-represented full-time employees: accrue at least 10 hours per month of Paid Time Off (PTO) to be used for incidental absences and other reasons; receive at least 90 hours for holidays. Represented full time employees accrue 6.67 hours of Vacation per month; accrue up to 52 hours of sick leave annually; receive at least 96 hours for holidays. PTO, Vacation, sick leave, and holiday hours are prorated based on start date during the calendar year.

This position is incentive plan eligible.

Premium Pay Statement

Pay Rate:

The annual base salary range for this position in most major metropolitan areas in California and New York is . For states not referenced above, the salary range for this position will reflect the candidate’s final work location. Please note that the salary information is a general guideline only. Lockheed Martin considers factors such as (but not limited to) scope and responsibilities of the position, candidate’s work experience, education/ training, key skills as well as market and business considerations when extending an offer.

Benefits offered: Medical, Dental, Vision, Life Insurance, Short-Term Disability, Long-Term Disability, 401(k) match, Flexible Spending Accounts, EAP, Education Assistance, Parental Leave, Paid time off, and Holidays.

This position is incentive plan eligible",1 month ago,"$62,900 - $120,400, $72,200 - $136,100",LinkedIn,https://www.linkedin.com/jobs/view/cyber-security-defense-analyst-entry-level-at-lockheed-martin-4011241752?utm_campaign=google_jobs_apply&utm_source=google_jobs_apply&utm_medium=organic
Information Security Analyst - Entry to Advanced,"Perrygo Consulting Group, LLC","Lexington Park, MD",Full-time,"Perrygo is a small, rapidly growing company; we are passionate about our employees as well as supporting our customers and their mission. We are excited for the opportunity to bring aboard highly motivated and energetic individuals to join our teams. Currently, we are seeking an Information Security Analyst - Entry to Advanced. This role will support our Navy customer in Lexington Park, MD.

Job... Description and Responsibilities:

Plan, implement, upgrade, or monitor security measures for the protection of computer networks and information. May ensure appropriate security controls are in place that will safeguard digital files and vital electronic infrastructure. May perform cyber forensic analysis in responses to cyber threats in hardware and software environments.

Education and Basic Requirements:
ADVANCED: Graduate Degree from Accredited University OR approved CSWF training OR certification. 7 or more years experience related to the job requirements.
INTERMEDIATE: Bachelors degree from an accredited university OR approved CSWF training OR certification. 3 or more years experience or relevant military OJT.
ENTRY: Associates degree OR appropriate Navy CSWF training, certification(s), OR on the job training.

Security Clearance: Top Secret (must be a US Citizen)

Contract: This position is pending a contract award.

Perrygo Consulting Group, LLC is an Equal Opportunity Employer, for all individuals, including protected veterans and those with disabilities. All qualified applicants will receive consideration for employment without regard to race, sex, color, religion, sexual orientation, gender identity, national origin, disability, or veteran status.

Perrygo Consulting Group, LLC participates in E-Verify.

If being a part of a small, growing company while having the opportunity to work on exciting projects with challenging tasks excites you - then please apply today!

Compensation Package - We offer an excellent compensation package with competitive salaries and meaningful benefits, including:
• Paid Time Off (PTO)/Sick Leave
• 11 Paid Holidays
• Flexible Work Schedules (offering a healthy work-life balance whenever possible)
• Employee Assistance Program (EAP)
• Fitness facility access
• Medical, Dental, and Vision
• LTD/STD, AD&amp;D, and Life-Employer Paid
• Supplemental Life and Accident options
• Health Savings Account (HSA) with employer contribution
• 401K Plan with employer Safe Harbor contribution
• Profit Sharing Plan",,,ZipRecruiter,"https://www.ziprecruiter.com/c/Perrygo-Consulting-Group,-LLC/Job/Information-Security-Analyst-Entry-to-Advanced/-in-Lexington-Park,MD?jid=d0e6775334694324&utm_campaign=google_jobs_apply&utm_source=google_jobs_apply&utm_medium=organic"
Junior Cybersecurity Program Analyst,Maximus,"Tucson, AZ",Full-time,"Description &amp; Requirements

Maximus is seeking a skilled and motivated Junior Cybersecurity Program Analyst to join our organization. The Junior Cybersecurity Analyst will be an integral part of the cybersecurity team at Maximus Federal, supporting business development, DevSecOps, vulnerability management, and incident response activities. The candidate will be responsible for supporting the development, implementation, and maintenance of our cybersecurity program. This role will analyze and assess cybersecurity risks; develop and implement security policies and procedures and ensure compliance with relevant regulations and standards. The ideal candidate should have a strong foundation in cybersecurity principles, a willingness to learn, and a passion for ensuring the security and integrity of information systems.
• Collaborate with the business development team to assess the cybersecurity requirements and risks associated with new projects, proposals, and contracts.
• Assist in the... development of cybersecurity solutions and strategies to address Federal client needs and align with industry best practices and regulatory requirements.
• Support Development Security Operations (DevSecOps) engagements. Collaborate with customer development and operations teams to integrate security practices into the software development lifecycle.
• Assist in implementing and maintaining security controls, automation, and monitoring tools to ensure secure and efficient software delivery.
• Support vulnerability assessments and penetration tests to identify weaknesses and vulnerabilities in information systems and infrastructure.
• Assist in researching the remediation and mitigation of identified vulnerabilities, working closely with system administrators and stakeholders to ensure timely resolution.
• Stay current with the latest cybersecurity trends, threats, and industry best practices through continuous learning and professional development.
• Participate in training programs, webinars, conferences, and workshops to enhance knowledge and skills in cybersecurity.

Project Minimum Qualifications:
• Bachelor's degree in relevant field of study.
• At least 2 years of relevant IT work experience.
• At least 1 year of work experience with vulnerability management processes.
• Hands on experience with Nucleus Security, Nexpose rapid7, and Qualys.
• Strong understanding of cybersecurity principles, best practices, and industry standards.
• Familiarity with DevSecOps methodologies and tools such as Invicti Enterprise.
• Experience with Python development.
• Experience participating in business development - reviewing requirements in RFI, RFQ.
• Basic understanding of networking protocols and technologies.
• Excellent problem-solving and analytical skills.
• Strong communication and collaboration abilities.

Additional requirements as per Contract/Client:
• Candidates must meet requirements to obtain and maintain an IRS Minimum Background Investigation (MBI) clearance (active IRS Moderate Risk MBI is a plus).
• Candidates must be a US Citizen or a Legal Permanent Resident (Green Card status) for at least three (3) years, and Federal Tax compliant.

Essential Duties and Responsibilities:

- Assist with providing detection, identification and initial triage of possible security events, anomalous activities and misuse activities

- Assist with performing security event correlation using information gathered from a variety of sources within the organization

- Participate in the management of security operations tools, installation, configuration, troubleshooting and maintenance of these tools

- Track and document security incidents within the case management tool

- Other duties as assigned by leadership.

Minimum Requirements

Minimum Requirements:
- Bachelor's degree in relevant field of study and 0-3 years of relevant professional experience required, or equivalent combination of education and experience.

Understanding of core IT concepts: Operating Systems (Windows, Linux/Unix, MacOS), Active Directory, Networking, Virtualization, Databases, SaaS/IaaS/PaaS

- Understanding of core security concepts: Anti-Virus/Anti-Malware, Intrusion Detection, Incident Response, Data Loss Prevention, SIEM, Firewalls, VPN, IAM

- Proficient with Windows, Linux/Unix, MacOS

- Demonstrated personal integrity, the ability to professionally handle confidential matters and exhibit the appropriate level of judgment and decision making

- Demonstrated written and oral communication skills with the ability to effectively communicate with information technology professionals as well as senior management and auditors, assessors, and consultants

- Strong problem solving skills

- Demonstrated initiative, dependability, and ability to work with little supervision

EEO Statement

Active military service members, their spouses, and veteran candidates often embody the core competencies Maximus deems essential, and bring a resiliency and dependability that greatly enhances our workforce. We recognize your unique skills and experiences, and want to provide you with a career path that allows you to continue making a difference for our country. We're proud of our connections to organizations dedicated to serving veterans and their families. If you are transitioning from military to civilian life, have prior service, are a retired veteran or a member of the National Guard or Reserves, or a spouse of an active military service member, we have challenging and rewarding career opportunities available for you. A committed and diverse workforce is our most important resource. Maximus is an Affirmative Action/Equal Opportunity Employer. Maximus provides equal employment opportunities to all qualified applicants without regard to race, color, religion, sex, sexual orientation, gender identity, national origin, protected veteran status or disabled status.

Pay Transparency

Maximus compensation is based on various factors including but not limited to job location, a candidate's education, training, experience, expected quality and quantity of work, required travel (if any), external market and internal value analysis including seniority and merit systems, as well as internal pay alignment. Annual salary is just one component of Maximus's total compensation package. Other rewards may include short- and long-term incentives as well as program-specific awards. Additionally, Maximus provides a variety of benefits to employees, including health insurance coverage, life and disability insurance, a retirement savings plan, paid holidays and paid time off. Compensation ranges may differ based on contract value but will be commensurate with job duties and relevant work experience. An applicant's salary history will not be used in determining compensation. Maximus will comply with regulatory minimum wage rates and exempt salary thresholds in all instances.

Skills:
Analysis Skills, Antivirus, Automation, Background Investigation, Best Practices, Business Development, Case Management, Communication Skills, Computer Security, Conferences, Contract Requirements, Data Quality, Event Correlation, Federal Tax, Firewalls, Incident Response, Industry Standards, Information Technology &amp; Information Systems, Information/Data Security (InfoSec), Infrastructure as a Service (IaaS), Internet Security, Intrusion Detection Systems, Legal, Linux Operating System, Loss Prevention, Mac Operating System, Maintain Compliance, Malware, Microsoft Active Directory, Microsoft Windows Operating System, Network Protocols, Nucleus, Operating Systems, Operational Support, Operations Management, Penetration Testing, Platform as a Service (PaaS), Policy Implementation, Presentation/Verbal Skills, Problem Solving Skills, Procedure Implementation, Python Programming/Scripting Language, Regulatory Compliance, Regulatory Requirements, Request for Proposals (RFP), Requirements Management, Resolve Customer Issues, Risk, Risk Analysis, Security Attacks, Security Information and Event Management (SIEM), Security Monitoring, Software Development Lifecycle (SDLC), Software as a Service (SaaS), Systems Administration/Management, Team Player, Testing, Time Management, Training Program, United States Citizen, Unix Operating Systems, VPN (Virtual Private Network), Virtualization, Webinar, Writing Skills

About the Company:
Maximus

MAXIMUS provides business services to help governments operate health and human services programs, mostly at the state and national levels. The company's health services segment offers outsourced program management and administrative services,

Company Size:
5,000 to 9,999 employees

Industry:
Healthcare Services

Founded:
0

Website:
https://www.maximus.com",,,Monster,https://www.monster.com/job-openings/junior-cybersecurity-program-analyst-tucson-az--90a3aa91-a5fd-42c0-bf81-6c8e0b992bb5?utm_campaign=google_jobs_apply&utm_source=google_jobs_apply&utm_medium=organic
INFORMATION SECURITY ANALYST-JUNIOR - 09172024-61493,State of Tennessee,Tennessee,Full-time,"Work Activities
Job Information
...
State of Tennessee Job Information

Opening Date/Time:09/17/2024 12:00AM Central TimeClosing Date/Time09/30/2024 11:59PM Central Time
Salary (Monthly):.00 - .00
Salary (Annually):.00 - .00
Job Type:Full-Time
City, State Location:Nashville, TNDepartmentFinance and Administration

LOCATION OF (1) POSITION TO BE FILLED: DEPARTMENT OF FINANCE &amp; ADMINISTRATION, BUSINESS SOLUTIONS DELIVERY DIVISION, DAVIDSON COUNTY

This position requires CJIS fingerprints. This position also requires a criminal background check. Therefore, you may be required to provide information about your criminal history to be considered for this position. This position supports Safety and Homeland Security.

This position is designed as hybrid.

Qualifications

Education and Experience: Graduation from an accredited college or university with a bachelor's degree and experience equivalent to one year of experience in 1) information security program design and implementation, or 2) information security risk analysis and mitigation, or 3) information security policy, standards and procedures creation and implementation.

Substitution of Graduate Course Work for Experience: Additional qualifying graduate course work in information security may substitute for the required experience, on a year-for-year basis, to a maximum of one year (e.g. 36 graduate quarters hours in information security may substitute for one year for the required experience)

Substitution of Experience for Education: Qualifying experience in one or a combination of the following area may substitute for the required education, on a year-for-year basis, to a maximum of four years: 1) information security program design and implementation, or 2) information security risk analysis and mitigation, or 3) information security policy, standards and procedures creation and implementation, or 4) computer security incident response.

Necessary Special Qualifications: None.

Examination Method: Education and Experience,100%, for Preferred Service positions. For Executive Service Positions, Minimum Qualifications, Necessary Special Qualifications, and Examination Method are determined by the appointing authority.

Overview

Summary: Under direction, is responsible for supporting information security efforts regarding information security risk assessment and mitigation, information security policy promulgation and compliance, security awareness training work of average difficulty and performs related work as required.

Distinguishing Features: An employee in this class participates in the security program for an agency. Work involves security policy promulgation, risk analysis, safeguard and compliance efforts, and incident response. This class differs from that of Information Security Analyst-Senior in that incumbents of the latter are responsible for directing and leading security policy promulgation, risk analysis, safeguard and compliance efforts, and incident response and have responsibility for supervising subordinate employees.

Responsibilities

Identifying Objects, Actions, and Events:
• Identify security breaches.
• Identifies and analyzes areas of potential risk to assets, resources or success of organization.

Analyzing Data Or Information
• Utilize forensic techniques to analyze security events.
• Analyze security operations to identify risk or opportunities for improvement.

Interacting With Computers
• Encrypt data transmission to conceal confidential information as it is being transmitted and keep out tainted digital transfers.
• Advises, implements and maintains security systems.
• Analyzes and investigates intruder detection or other security systems.
• Encrypt data at rest to conceal confidential information.

Thinking Creatively
• Mitigate situations that might lead to security breaches.
• Recommend ways to conduct assessments to reduce risk.
• Identify key risks and mitigating factors of potential investments, such as asset types and values, legal and ownership structures, professional reputations, customer bases or industry segments.

Monitor Processes, Materials, Or Surroundings
• Monitors systems to ensure current updates and patch levels are applied.
• Monitors use of data files and regulate access to safeguard information in computer resources.

Developing Objectives And Strategies
• Develops or review specifications for design or construction or implementation of security in systems.
• Plans and contribute to development of risk management systems.

Training And Teaching Others
• Evaluates and modify training materials to address security weaknesses and vulnerabilities.
• Trains users and promote security awareness to ensure systems security and to improve server and network efficiency.

Making Decisions And Solving Problems
• Determine escalation for security events.

Updating And Using Relevant Knowledge
• Recommend improvements in security systems or procedures.

Processing Information
• Conduct security audits to identify potential problems related to physical security, staff safety, or asset protection and to satisfy state and federal regulations.

Evaluating Information To Determine Compliance With Standards
• Performs risk assessments and execute tests of data processing system to ensure functioning of data processing activities and security measures.
• Evaluate security operations to identify risk or opportunities for improvement.
• Reviews violations of computer security procedures and discuss procedures with violators to ensure violations are not repeated.
• Confer with users to discuss issues such as computers data access needs security violations, and programming changes.
• Conduct physical examinations of property to ensure compliance with security, policies and regulations.

Documenting/Recording Information
• Prepares, maintains, or updates security procedures, security system drawings, or related documentation.
• Documents and ensure communication of key risk.
• Maintain input or data quality of systems.

Establishing And Maintaining Interpersonal Relationships
• Establishes and maintains contact with peers.

Selling Or Influencing Others
• Convey the importance of security recommendations, procedures, policies and level of risk to protect state resources.

Judging The Qualities Of Things, Services, Or People
• Evaluate the knowledge and responsiveness of contractors to accomplish organizational outcomes.

Getting Information
• Gather risk-related data from internal or external resources.
• Utilizes helpdesk automated systems.
• Utilize communication channels such as, email and messaging.

Communicating With Persons Outside Organization
• Notify customers of potential security threats.
• Notify customers of security changes that may affect their access.

Interpreting The Meaning Of Information For Others
• Produce reports or presentations that outline findings, explain risk positions, or recommend changes.

Inspecting Equipment, Structures, Or Material
• Inspects access control.

Competencies (KSA's)

Competencies
• Process Management
• Decision Quality
• Total Work Systems
• Technical Learning
• Learning on the Fly
• Informing
• Standing Alone
• Business Acumen
• Timely Decision Making
• Customer Focus
• Dealing with Ambiguity
• Strategic Agility

Knowledge
• Clerical
• Communication and Media
• Basic Knowledge of Computers and Electronics
• Customer and Personal Services
• Education and Training
• Basic Knowledge of Engineering and Technology Systems
• Law and Government
• Mathematics
• Basis Knowledge of Public Safety and Security
• Basic Knowledge of Defense in Depth
• Computer Operating Systems
• Basic Knowledge of Security Best Practices
• Regulatory and Statutory Requirements
• Telecommunications

Skills
• Equipment Maintenance
• Installation of Security Equipment or Software
• Operation and Control
• Operation Monitoring
• Basic Operations Analysis
• Programming
• Quality Control Analysis
• Basic Troubleshooting
• Basic System Analysis
• Time Management
• Active Learning
• Active Listening
• Critical Thinking
• Learning Strategies
• Mathematics
• Monitoring
• Reading Comprehension
• Science
• Speaking
• Writing
• Basic Coordination
• Instruction
• Negotiation
• Persuasion
• Basic Service Orientation
• Basic Social Perceptiveness

Abilities
• Category Flexibility
• Deductive Reasoning
• Flexibility of Closure
• Fluency of Ideas
• Inductive Reasoning
• Information Ordering
• Mathematical Reasoning
• Memorization
• Number Facility
• Oral Expression
• Originality
• Perceptual Speed
• Problem Sensitivity
• Selective Attention
• Speed of Closure
• Time Sharing
• Visualization
• Written Comprehension
• Written Expression
• Stress Tolerance

Tools &amp; Equipment
• Computer",4 days ago,"$4,517, $5,638, $54,204, $67,656",LinkedIn,https://www.linkedin.com/jobs/view/information-security-analyst-junior-09172024-61493-at-state-of-tennessee-4028576171?utm_campaign=google_jobs_apply&utm_source=google_jobs_apply&utm_medium=organic
Tier 2 SOC Analysts Jobs,Base One Technologies,"Ashburn, VA",Contractor,"Our Ashburn VA based client is looking for Tier 2 SOC Analysts. All Applicants must be US CITIZENS with active Secret /Top Secret Clearance. If you are qualified for these openings, please forward a copy of your updated resume in word format to lli@base-one.com

Work location: Ashburn VA...

Must Have One of the Following J3 Certifications

Tier 2 Monitoring:

GCIA – Intrusion Analyst

GREM – Reverse Engineering Malware

GPPA – Perimeter Protection Analyst

GISF – Security Fundamentals

GXPN – Exploit Researcher and Advanced Penetration Tester

GWEB – Web Application Defender

GNFA – Network Forensic Analyst

GMON – Continuous Monitoring Certification

OSCP (Certified Professional)

OSCE (Certified Expert)

OSWP (Wireless Professional)

OSEE (Exploitation Expert)

SEI (Software Engineering Institute)

CCSP – Certified Cloud Security Professional

CISSP – Certified Information Systems Security

CCNA Security

CCNP Security

CEH – Certified Ethical Hacker

LPT – Licensed Penetration Tester

ECSA – EC-Council Certified Security Analyst

ENSA – EC-Council Network Security Administrator

CNDA – Certified Network Defense Architect

ECSS – EC-Council Certified Security Specialist

ECSP – EC-Council Certified Secure Programmer

ECES – EC-Council Certified Encryption Specialist

Cyber Analyst Couse

Primary Responsibilities

• Utilize state of the art technologies such as host forensics tools(FTK/Encase), Endpoint Detection &amp; Response tools, log analysis (Splunk) and network forensics (full packet capture solution) to perform hunt and investigative activity to examine endpoint and network-based data.

• Conduct malware analysis, host and network, forensics, log analysis, and triage in support of incident response.

• Recognize attacker and APT activity, tactics, and procedures as indicators of compromise (IOCs) that can be used to improve monitoring, analysis and incident response.

• Develop and build security content, scripts, tools, or methods to enhance the incident investigation processes.

• Lead Incident Response activities and mentor junior SOC staff.

• Work with key stakeholders to implement remediation plans in response to incidents.

• Effectively investigative and identify root cause findings then communicate findings to stakeholders including technical staff, and leadership.

• Flexible and adaptable self-starter with strong relationship-building skills

• Strong problem solving abilities with an analytic and qualitative eye for reasoning

• Ability to independently prioritize and complete multiple tasks with little to no supervision

Basic Qualification

Bachelor’s degree in Science or Engineering Field, IT, or Cybersecurity or related field

3+ years of experience be in the areas of incident detection and response, remediation malware analysis, or computer forensics.

Ability to script in one more of the following computer languages Python, Bash, Visual Basic or Powershell

Must have at least one of the following certifications:

SANS GIAC: GCIA, GCFA, GPEN GCFE, GREM, or GCIH ISC2 CCFP, CCSP, CISSP, CERT CSIH EC Council: CHFI, Offensive Security: OSCP, OSCE, OSWP and OSEE Encase: EnCE, DOD 8570: IAT L3, CNDSP Analyst or IR Carnegie Mellon: CSIH

Preferred Qualification

Bachelor’s degree in Science or Engineering Field, IT, or Cybersecurity or related field

3+ years of experience be in the areas of incident detection and response, remediation malware analysis, or computer forensics.

Ability to script in one more of the following computer languages Python, Bash, Visual Basic or Powershell

Must have at least one of the following certifications:

SANS GIAC: GCIA, GCFA, GPEN GCFE, GREM, or GCIH ISC2 CCFP, CCSP, CISSP, CERT CSIH EC Council: CHFI, Offensive Security: OSCP, OSCE, OSWP and OSEE Encase: EnCE, DOD 8570: IAT L3, CNDSP Analyst or IR Carnegie Mellon: CSIH",3 days ago,,Clearance Jobs,https://www.clearancejobs.com/jobs/5136580/tier-2-soc-analysts?utm_campaign=google_jobs_apply&utm_source=google_jobs_apply&utm_medium=organic
Network Security Analyst - Remote / Telecommute,Cynet Systems,"McLean, VA",Contractor,"Job Description:
• We are seeking a highly motivated Network Fore Scout Sr. Analyst to assist with implementing, optimizing and maintaining network security solutions utilizing Fore Scout technology.
• The ideal candidate will have an understanding of network security access controls and security protocols, as well as hands-on experience with Fore Scout products with problem-solving skills and... the ability to prioritize shifting workloads in a rapidly changing environment.
• An effective communicator, and a confident team member with a genuine passion to make things happen in a dynamic organization.
• Performs assigned network security mitigations and maintains solutions to compliance-related problems.
• Executes and maintains Fore Scout Security plans and procedures to ensure cybersecurity compliance for operational technologies.
• Support in-depth security architecture and maintains a strong understanding of networks to ensure adequate defense in depth design.
• Stay current on industry trends and security requirements in the industry.
• Actively seeks continuous improvement opportunities and participates in improvement initiatives of internal network security processes, procedures, and standards.
Qualifications:
• 3+ years of experience with performing systems administration in Windows, Linux, or VMware environments, including basic troubleshooting, installation, or configuration, monitoring system performance or availability, and performing security upgrades.
• Experience with deployment or daily maintenance of Fore Scout Counter ACT appliances or other NAC solutions, including Cisco Client and Aruba Clear pass.
• Experience with performing physical or logical network engineering, including configuration of routers, firewalls, and switches and configuring WAN, LAN, VLAN, WLAN, VPN, and system administration services, including Active Directory and domain management.
• Experience with implementing NAC or other network devices in fault tolerant and high availability configurations.
• Healthcare provider industry experience is preferred.
• BA or BS degree or 3+ years of experience with IT in a professional work environment in lieu of a Bachelor’s degree.
• Fore Scout Certified Administrator (FSCA)/Fore Scout Certified Engineer (FSCE) a plus.
• Network Security with Fore scout experience",,,LinkedIn,https://www.linkedin.com/jobs/view/network-security-analyst-remote-telecommute-at-cynet-systems-4004957417?utm_campaign=google_jobs_apply&utm_source=google_jobs_apply&utm_medium=organic
Public Notice for Direct Hire  Computer Engineer Cybersecurity,Centers for Disease Control and Prevention,"Washington, DC (+27 others)",Full-time and Part-time,"Duties

The CDC utilizes Direct/Expedited Hire Authorities to fill vacancies in a variety of occupations. This vacancy is a REPOSITORY of applications. Duties and responsibilities vary and may increase according to the grade level of the position. Applications may be periodically referred to hiring managers both during the open period and after the closing date. Because of the large number of applications anticipated, applicants' status will not be updated.

This public notice will be used to fill the positions listed below at multiple grade levels and locations.
• Computer Engineer (Cybersecurity) ** : Grades GS-12 through GS-15**

Applicant Expiration: Applications will expire 4 months after submission/resubmission. To remain eligible for consideration, reapplying is required.

Duties may include but are not limited to:
• Serving as a Computer Engineer specializing in the application of advanced theories, concepts, principles, and processes in computer engineering.
• Ensuring... confidentiality, integrity, and availability of systems, networks, and data through the planning, analysis, development, implementation, maintenance, and enhancement of information system security program policies, procedures, and tools within and across the enterprise.
• Reviewing IT security programs to assess overall compliance with cybersecurity plans and policies, as well as their alignment with business requirement.
• Collaborating with other engineers and scientists to design and develop specific computerized applications and/or new methodology.

Requirements

Conditions of Employment

Due to the Centers for Disease Control and Prevention's (CDC's) process enhancement to use Shared Certificates throughout the Agency, some of the requirements below may differ:
• US Citizenship is required.
• Males born after December 31, 1959 must be registered or exempt from Selective Service ( http://www.sss.gov ).
• May be subject to a Background/Security Investigation. Security clearance level may differ from the position announced when certificates are shared.
• CDC participates in the USCIS Electronic Employment Eligibility Verification Program ( E-Verify ). If selected, CDC will determine your employment eligibility using your social security number.
• Direct deposit is required.
• One-year probationary period may be required.
• This position may be subject to a Collective Bargaining Agreement.
• This public notice may be used to fill supervisory or managerial positions and selectees may be subject to 1 year supervisory or managerial probationary period.
• Positions may be filled as permanent or term appointments.
• This position may be subject to the OGE Financial Disclosure requirements of the Ethics in Government Act of 1978 (P.L. 95-521). CDC inspires public confidence in its trust responsibilities and mission by maintaining high ethical principles. If selected, you may be required to complete a Confidential Financial Disclosure Report (OGE Form 450) to determine if a conflict or an appearance of a conflict exists between your financial interest and your prospective position with the agency. If identified, this will be an annual requirement.
• In accordance with Executive Order 12564 of September 15, 1986, The Department of Health and Human Services (HHS) is A Drug-Free Federal Workplace. This position may require a Drug Test and be subject to Random Drug Testing. The position may require the submission of a urinalysis to screen for illegal drug use prior to appointment and be subject to reasonable suspicion and post-accident drug testing upon hiring. If required to submit to urinalysis, the appointment to the position will be contingent upon a negative test result.

Qualifications

Basic Qualifications:
• A. Degree: Engineering. To be acceptable, the program must: (1) lead to a bachelor's degree in a school of engineering with at least one program accredited by ABET; or (2) include differential and integral calculus and courses (more advanced than first-year physics and chemistry) in five of the following seven areas of engineering science or physics: (a) statics, dynamics; (b) strength of materials (stress-strain relationships); (c) fluid mechanics, hydraulics; (d) thermodynamics; (e) electrical fields and circuits; (f) nature and properties of materials (relating particle and aggregate structure to properties); and (g) any other comparable area of fundamental engineering science or physics, such as optics, heat transfer, soil mechanics, or electronics.

OR
• B. Combination of education and experience: college-level education, training, and/or technical experience that furnished (1) a thorough knowledge of the physical and mathematical sciences underlying engineering, and (2) a good understanding, both theoretical and practical, of the engineering sciences and techniques and their applications to one of the branches of engineering. The adequacy of such background must be demonstrated by one of the following:
• Professional registration or licensure -- Current registration as an Engineer Intern (EI), Engineer in Training (EIT), or licensure as a Professional Engineer (PE) by any State, the District of Columbia, Guam, or Puerto Rico. Absent other means of qualifying under this standard, those applicants who achieved such registration by means other than written test (e.g., State grandfather or eminence provisions) are eligible only for positions that are within or closely related to the specialty field of their registration. For example, an applicant who attains registration through a State Board's eminence provision as a manufacturing engineer typically would be rated eligible only for manufacturing engineering positions.
• Written Test -- Evidence of having successfully passed the Fundamentals of Engineering (FE)2 examination or any other written test required for professional registration by an engineering licensure board in the various States, the District of Columbia, Guam, and Puerto Rico.
• Specified academic courses -- Successful completion of at least 60 semester hours of courses in the physical, mathematical, and engineering sciences and that included the courses specified in the basic requirements under paragraph A. The courses must be fully acceptable toward meeting the requirements of an engineering program as described in paragraph A.
• Related curriculum -- Successful completion of a curriculum leading to a bachelor's degree in an appropriate scientific field, e.g., engineering technology, physics, chemistry, architecture, computer science, mathematics, hydrology, or geology, may be accepted in lieu of a bachelor's degree in engineering, provided the applicant has had at least 1 year of professional engineering experience acquired under professional engineering supervision and guidance. Ordinarily there should be either an established plan of intensive training to develop professional engineering competence, or several years of prior professional engineering-type experience, e.g., in interdisciplinary positions. (The above examples of related curricula are not all-inclusive.)

Minimum Qualifications:
• GS-12:
• At least 1 year of specialized experience, equivalent to the GS-11 grade level in the Federal service, to include experience with information systems practices in areas such as Applications Development, Systems Integration, Telecommunications, Database Management, Security, or Software Engineering.
• GS-13:
• At least 1 year of specialized experience, equivalent to the GS-12 grade level in the Federal service, to include experience promoting the awareness of security issues ensuring sound security principles; and initiating and developing engineering models, operational studies, and tests of interoperability.
• GS-14:
• At least 1 year of specialized experience, equivalent to the GS-13 grade level in the Federal service, to include experience assessing and providing strategic direction for resolution of mission-critical problems, policies, and procedures; applying advance theories, concepts, principles and processes of computer engineering and support cybersecurity efforts through cybersecurity research; and identifying and recommending solutions to cyber threats.
• GS-15:
• At least 1 year of specialized experience, equivalent to the GS-14 grade level in the Federal service, to include experience leading projects to design, acquire, and implement major prototype and developmental systems, or to make extensive modifications and upgrades to existing systems.

Experience refers to paid and unpaid experience, including volunteer work done through National Service programs (e.g., Peace Corps, AmeriCorps) and other organizations (e.g., professional; philanthropic; religious; spiritual; community, student, social). Volunteer work helps build critical competencies, knowledge, and skills and can provide valuable training and experience that translates directly to paid employment. You will receive credit for all qualifying experience, including volunteer experience.

Promotion potential: Promotion to the next grade level is at management's discretion and is based on your meeting qualifications and time-in-grade requirements, demonstrated ability to perform the higher-level duties, the continuing need for the higher-level duties, and administrative approval. Promotion to the next grade level is not guaranteed and no promise of promotion is implied.

Education

A copy of your transcripts or equivalent documentation is required for positions with an education requirement, or if you are qualifying based on education or a combination of education and experience. An official transcript will be required if you are selected.

A college or university degree generally must be from an accredited (or pre-accredited) college or university recognized by the U.S. Department of Education. For a list of schools which meet these criteria, please refer to Department of Education Accreditation page .

FOREIGN EDUCATION: Education completed in foreign colleges or universities may be used to meet the requirements. You must show proof the education credentials have been deemed to be at least equivalent to that gained in conventional U.S. education program. It is your responsibility to provide such evidence when applying. For more information, visit https://sites.ed.gov/international/recognition-of-foreign-qualifications/ .

Additional information

Telework: This position has been designated as telework eligible and:
• May include telework options and/or flexible work scheduling. These options may be requested once you have become an employee and you will be required to sign a Workplace Flexibilities Agreement that details remote or telework working conditions and expectations in accordance with the HHS Workplace Flexibilities Policy .
• May be eligible for inclusion in the Bargaining Unit. The name of the union, local, and BU Codes will be provided upon selection.
• For more information visit: https://www.usajobs.gov/Help/faq/job-announcement/telework/

May be required to work other than normal duty hours, to include evenings, weekends and/or holidays.

The Federal government, as the largest employer in the Nation, can and should show the way towards achieving drug-free workplaces through programs designed to offer drug users a helping hand, and at the same time demonstrating to drug users and potential drug users that drugs will not be tolerated in the Federal workplace if declared a drug-testing position. The use of illegal drugs, on or off duty, by Federal employees is inconsistent not only with the law-abiding behavior expected of all citizens, but also with the special trust placed in such employees as servants of the public.

Incentives:
• Recruitment and/or relocation incentives may be authorized.
• Annual Leave for non-federal service may be authorized.
• Student loan repayment incentive may be authorized.
• Travel, transportation, and moving expenses may be paid.
• PCS Expenses may be authorized, subject to the terms of the Joint Travel Regulation (JTR).

Benefits

A career with the U.S. government provides employees with a comprehensive benefits package. As a federal employee, you and your family will have access to a range of benefits that are designed to make your federal career very rewarding. Opens in a new window Learn more about federal benefits .

Review our benefits

Eligibility for benefits depends on the type of position you hold and whether your position is full-time, part-time or intermittent. Contact the hiring agency for more information on the specific benefits offered.

How You Will Be Evaluated

You will be evaluated for this job based on how well you meet the qualifications above.
• *Additional selections may be made for similar positions across the Department of Health and Human Services (HHS) within the local commuting area(s) of the location identified in this announcement. By applying, you agree to have your application shared with interested selecting official(s) at HHS. Clearance of CTAP/ICTAP will be applied for similar positions across HHS.

The utilization of shared certificates for additional selections within the same geographical area can be made from multiple Centers of the Center of Disease Control and Prevention (CDC) and Agency for Toxic Substance and Disease Registry (ATSDR).**

This position is being filled through Direct Hire Authority for this occupation and is open to all US Citizens. Vacancies will be filled through OPM's Direct Hire Authority. Veterans' preference and traditional rating and ranking of applicants do not apply to positions filled under this announcement. All applicants who meet the minimum qualification requirements will be forwarded to the selecting official for consideration. Applications received as a result of job fairs, recruitment events, and emergency hiring mechanisms in support of this hiring initiative will also be accepted during the duration of the direct-hire authority.

For more information on OPM's authorization of Direct Hire Authority, please visit: https://www.opm.gov/policy-data-oversight/hiring-information/direct-hire-authority/

Once the application process is complete, a review of the resume and supporting documentation will be made and compared against your responses to the assessment questionnaire to determine if you are qualified for this job. If, after reviewing your resume and/or supporting documentation, a determination is made that you have inflated your qualifications and/or experience, you may lose consideration for this position. Please follow all instructions carefully. Errors or omissions may affect your eligibility.

Career Transition Assistance Program (CTAP)/Interagency Career Transition Assistance Program (ICTAP): CTAP/ICTAP eligibles must meet all of the requirements outlined in the qualification section of this announcement in order to be considered ""well qualified.""

Required Documents

As a new or existing federal employee, you and your family may have access to a range of benefits. Your benefits depend on the type of position you have - whether you're a permanent, part-time, temporary or an intermittent employee. You may be eligible for the following benefits, however, check with your agency to make sure you're eligible under their policies.

To apply for this position, you MUST submit a complete Application Package which includes the following. Note: All documents must be in English.

1. Resume - Must reflect name, work schedule, hours worked per week, dates (month/year) of employment and duties performed.

Current/former Federal employee:
• Must reflect pay plan, series and grade, i.e., GS-0301-9.

Dos and Don'ts:
• www.usajobs.gov/Help/faq/application/documents/resume/what-to-include/
• www.usajobs.gov/Help/faq/application/documents/resume/what-to-leave-out/

Cover Letter is optional.

2. Transcripts (if applicable) - You may submit an unofficial transcript. An official transcript from an accredited educational institution is required if you are selected.

3. Career Transition Assistance Plan (CTAP)/ Interagency Career Transition Assistance Plan (ICTAP):
• Supporting documentation i.e., Reduction in Force (RIF) notice or Certificate of Expected Separation (CES), **AND** most recent:
• Current annual performance appraisal
• SF-50 (Notification of Personnel Action)

4. Current or Former Political Appointees: Agencies must seek prior approval from the Office of Personnel Management (OPM) before they can appoint a current or recent political appointee to a competitive or non-political excepted service position at any level under the provisions of title 5, United States Code. If you are currently, or have been within the last 5 years, a political Schedule A, Schedule C, or Non-career SES employee in the executive branch, you MUST disclose that to the Human Resources Office. Failure to disclose this information could result in disciplinary action including removal from Federal Service. Current or Former Political Appointees: Submit SF-50.

Failure to submit any of the above-mentioned required documents may result in loss of consideration due to an incomplete application package. It is your responsibility to ensure all required documents have been submitted.

For Résumé and Application Tips visit: https://help.usajobs.gov/index.php/Tips.

If you are relying on your education to meet qualification requirements:

Education must be accredited by an accrediting institution recognized by the U.S. Department of Education in order for it to be credited towards qualifications. Therefore, provide only the attendance and/or degrees from schools accredited by accrediting institutions recognized by the U.S. Department of Education .

Failure to provide all of the required information as stated in this vacancy announcement may result in an ineligible rating or may affect the overall rating.

How to Apply

This is an OPEN CONTINUOUS ANNOUNCEMENT and will remain open until 01/30/2025.

To apply for this position, you must complete the online application and submit the documentation specified in the Required Documents section.

Applicant Expiration: Applications will expire 4 months after submission/resubmission. To remain eligible for consideration, reapplying is required.

A complete application package must be submitted by 11:59 PM (EST) on the closing date, 01/30/2025, of this announcement to receive consideration.
• To begin, click Apply to access the online application. You will need to be logged into your USAJOBS account to apply. If you do not have a USAJOBS account, you will need to create one before beginning the application.
• Follow the prompts to select your résumé and/or other supporting documents to be included with your application package. You will have the opportunity to upload additional documents to include in your application before it is submitted. Your uploaded documents may take several hours to clear the virus scan process.
• After acknowledging you have reviewed your application package, complete the Include Personal Information section as you deem appropriate and click to continue with the application process.
• You will be taken to the online application which you must complete in order to apply for the position. Complete the online application, verify the required documentation is included with your application package, and submit the application.

To verify the status of your application, log into your USAJOBS account ( https://my.usajobs.gov/Account/Login ), all of your applications will appear on the Welcome screen. The Application Status will appear along with the date your application was last updated. For information on what each Application Status means, visit: https://www.usajobs.gov/Help/how-to/application/status/ .

If you are unable to apply online:
• **Applicants external to CDC** \- Contact the CDC Helpdesk by phone (770) 488-1725 or email HRCS@CDC.GOV .
• **Applicants internal to CDC** \- Contact the OHR Service Desk .

Applicants are strongly encouraged to apply online. Applying online, through your USAJOBS account, will expedite the application process and allow you to check your application. If you utilize the Alternate Application method, your USAJOBS account will not display this application or status updates related to this application.

To view the questionnaire, click on the following link:

https://apply.usastaffing.gov/ViewQuestionnaire/12444541

Agency contact information

CDC HELPDESK

Phone (770) 488-1725 Email HRCS@CDC.GOV

Address Centers for Disease Control and Prevention-Direct Hire Authority

1600 Clifton Rd NE

Atlanta, GA 30333

US

Learn more about this agency

Next steps

HHS has a critical preparedness and response mission: HHS protects the American people from health threats, researches emerging diseases, and mobilizes public health programs with domestic and international partners. In support of this mission, HHS offers its employees the opportunity to volunteer to become Federal Civilian Detailees and contribute their unique skills through voluntary temporary assignments to humanitarian emergencies or Departmental priorities countering new and emerging health, safety, and security threats.

Fair and Transparent

The Federal hiring process is set up to be fair and transparent. Please read the following guidance.
• Criminal history inquiries
• Equal Employment Opportunity (EEO) Policy
• Financial suitability
• New employee probationary period
• Privacy Act
• Reasonable accommodation policy
• Selective Service
• Signature and false statements
• Social security number request",18 days ago,,WayUp,https://www.wayup.com/i-Government-Administration-j-Public-Notice-for-Direct-Hire-Computer-Engineer-Cybersecurity-Centers-for-Disease-Control-and-Prevention-122548177850475/?utm_campaign=google_jobs_apply&utm_source=google_jobs_apply&utm_medium=organic
Cyber Security Analyst,RailWorks,"Deer Park, TX",Full-time,"Job ID: 18306

Benefits Offering...
RailWorks is committed to helping our employees live better lives. We offer comprehensive benefits packages to eligible employees, including competitive pay, medical, dental and vision coverage, 401(k) with company match, and additional performance incentives.

Pay Range:  / year

As a Senior Cyber Security Engineer, you will:
• Monitor, analyze, and respond to security incidents. Perform root cause analysis and coordinate remediation efforts.
• Conduct regular vulnerability assessments and penetration tests. Collaborate with IT teams to prioritize and implement fixes.
• Oversee daily security operations, manage alerts, and coordinate with incident response teams to mitigate threats.
• Develop and enforce security policies. Ensure compliance with industry standards and regulations (e.g., NIST, ISO 27001).
• Lead risk assessments and security audits. Recommend improvements to enhance security posture.
• Develop and deliver cybersecurity training programs. Foster a culture of security awareness.
• Evaluate and manage the security of third-party vendors. Ensure they meet security requirements.
• Design, implement, and maintain secure system architectures. Manage security technologies like firewalls and IDS/IPS.
• Define and implement guidelines to reduce the attack surface of critical systems. Ensure secure configurations.
• Design and implement network security measures, including segmentation and encryption.
• Architect and manage secure cloud environments. Implement cloud security controls such as IAM and encryption.
• Lead incident response efforts, conduct post-incident analysis, and update response plans.
• Stay updated on cybersecurity threats. Recommend and implement new security measures to enhance defenses.

Educational Background: A bachelor’s degree in computer science, Cyber Security, Information Technology, or a closely related field. Relevant experience may substitute for the degree requirement.

Certifications: Possession of industry-recognized certifications such as Security +, Cysa+ , GMON, GSEC, CISSP, CISM, CEH, GIAC, CCSP, or similar are required.

Technical Expertise:
• Proficiency in tools and technologies used in cyber security operations such as EDR, XDR, SIEM, SOAR, etc.
• Strong understanding of network security, firewalls, IDS/IPS, endpoint protection, and encryption technologies.
• Experience with cloud security, particularly in environments like AWS, Azure, or Google Cloud.
• Familiarity with security frameworks and compliance requirements (e.g., NIST, ISO 27001, GDPR, CMMC).
• Experience with security architecture and system design principles.
• Skilled in network monitoring and packet analysis tools.
• Comprehensive knowledge of malware analysis, threat modeling, and vulnerability management.

Soft Skills:
• Exceptional analytical and problem-solving capabilities.
• Rigorous attention to detail with the ability to work under pressure.
• Excellent communication skills, capable of effectively articulating security and risk-related concepts to technical and non-technical stakeholders.

Experience: At least 1-2 years of experience in IT security or a closely related field.

This job description is not intended to represent a complete, comprehensive list of all duties and responsibilities that may be required in this position. There may be unplanned activities and other duties as assigned.

RailWorks is North America’s leading track and transit system experts for over 100 years and with 45 offices across the U.S. and Canada. We take on challenging projects every day and our success rely on a collaborative and open-minded work environment that encourages teamwork, positivity, and ingenuity. We are committed to creating a culture of trust, respect, and acceptance. RailWorks also offers opportunities to grow your career, develop your skills and pursue success.

RailWorks is an Equal Opportunity Employer. All qualified applicants will receive consideration for employment with RailWorks without regard to an individual’s sex, race, religion, creed, color, national origin, sexual orientation, gender identity, marital status, age, disability, veteran status or other legally protected characteristics",,$145000 - $155000,Talentify,https://www.talentify.io/job/cyber-security-analyst-deer-park-texas-railworks-18306?utm_campaign=google_jobs_apply&utm_source=google_jobs_apply&utm_medium=organic
IT Security Analyst,"h3 Technologies, LLC","Rose Hill, VA",Full-time,"IT Security Analyst(Local Richmond, VA candidates only)-Onsite Interview-Onsite role

Please share profiles to vyshali.p@dmvtek.com...

Rate-78$ on C2C

Client-State of Virginia
• Respondents should be prepared for in-person work for this position* Virginia State Police is looking for an IT Security Analyst with 10+ years of experience in the field or related area to assist with the completion of risk assessments, system security plans, and business impact analyses. The successful candidate will work with the agency Information Security Officer to establish a risk assessment program including related processes, procedures, and documentation.

Duties Will Include The Following

Completion of risk assessments, system security plans, and business impact analyses. Creation of policies and procedures surrounding the risk assessment processes.

Knowledge, Skills, And Abilities
• Experience completing Business Impact Analyses, Risk Assessments, and system security plans.
• Strong experience with and knowledge of information systems security principles.
• Extensive experience applying Commonwealth of Virginia information security standards such as SEC 501, SEC 525, SEC 520 and SEC 530 (Strongly Preferred).
• Experience developing organizational level programs, policies, and procedures.
• Strong experience leading the business and IT resources through the discovery and documentation of risks, controls, and business impacts.
• Strong analytical, organizational, and decision-making skills.
• Exceptional interpersonal skills for collaborating with system owners, data owners, system administrators, and other stakeholders.
• Exceptional verbal and written communication skills with the demonstrated ability to simplify and briefly, succinctly communicate complex issues to multiple audiences.
• Ability to lead others to implement new approaches, systems, structures, and methods.
• Ability to establish and maintain effective working relationships with others, both within VSP and externally
• Excellent interpersonal skills, including active listening skills, as well as oral and written communication skills.
• Ability to deal with ambiguous situations, complex concepts and details.
• Ability to meet deadlines and to work independently.
• Fluency in configuration management tools such as Archer and Microsoft office (Preferred).

Must submit to and pass VSP background check.

Respondents should be prepared for in-person work for this position",,,LinkedIn,https://www.linkedin.com/jobs/view/it-security-analyst-at-h3-technologies-llc-3958864768?utm_campaign=google_jobs_apply&utm_source=google_jobs_apply&utm_medium=organic
